Year,Desi,At least upper secondary educational attainment
2015,0.979760316,0.986436498
2016,1.261324772,1.479654747
2017,1.707461566,2.096177559
2018,2.294889976,1.849568434
